1,Student 1,student1@email.com
2,Student 2,student2@email.com
3,Student 3,student3@email.com
4,Student 4,student4@email.com
5,Student 5,student5@email.com
6,Student 6,student6@email.com
7,Student 7,student7@email.com
8,Student 8,student8@email.com
9,Student 9,student9@email.com
10,Student 10,student10@email.com
11,Student 11,student11@email.com
12,Student 12,student12@email.com
13,Student 13,student13@email.com
14,Student 14,student14@email.com
15,Student 15,student15@email.com
16,Student 16,student16@email.com
17,Student 17,student17@email.com
18,Student 18,student18@email.com
19,Student 19,student19@email.com
20,Student 20,student20@email.com
21,Student 21,student21@email.com
22,Student 22,student22@email.com
23,Student 23,student23@email.com
24,Student 24,student24@email.com
25,Student 25,student25@email.com
26,Student 26,student26@email.com
27,Student 27,student27@email.com
28,Student 28,student28@email.com
29,Student 29,student29@email.com
30,Student 30,student30@email.com